First Name,Last Name,Username,Email,Zip Code
John,Doe,jdoe,jdoe@turkey.com,10001
Jane,Smith,jsmith,jsmith@turkey.com,10002
Michael,Brown,mbrown,mbrown@turkey.com,10003
Sarah,Johnson,sjohnson,sjohnson@turkey.com,10004
David,Lee,dlee,dlee@turkey.com,10005
Emily,Wilson,ewilson,ewilson@turkey.com,10006
James,Clark,jclark,jclark@turkey.com,10007
Olivia,Adams,oadams,oadams@turkey.com,10008
William,Taylor,wtaylor,wtaylor@turkey.com,10009
Sophia,Anderson,sanderson,sanderson@turkey.com,10010
Daniel,Thomas,dthomas,dthomas@turkey.com,10011
Isabella,Moore,imoore,imoore@turkey.com,10012
Mason,Jackson,mjackson,mjackson@turkey.com,10013
Charlotte,White,cwhite,cwhite@turkey.com,10014
Lucas,Harris,lharris,lharris@turkey.com,10015
Amelia,Martin,amartin,amartin@turkey.com,10016
Ethan,Garcia,egarcia,egarcia@turkey.com,10017
Zoe,Martinez,zmartinez,zmartinez@turkey.com,10018
Henry,Roberts,hroberts,hroberts@turkey.com,10019
Grace,Parker,gparker,gparker@turkey.com,10020
Alexander,Lopez,alopez,alopez@turkey.com,10021
Chloe,Evans,cevans,cevans@turkey.com,10022
Jackson,Scott,jscott,jscott@turkey.com,10023
Victoria,Young,vyoung,vyoung@turkey.com,10024
Sebastian,Baker,bbaker,bbaker@turkey.com,10025
Madeline,Gonzalez,mgonzalez,mgonzalez@turkey.com,10026
Jackie,Hall,jhall,jhall@turkey.com,10027
Miles,Allen,mallen,mallen@turkey.com,10028
Lily,King,lking,lking@turkey.com,10029
Caleb,Wright,cwright,cwright@turkey.com,10030
Avery,Lopez,alopez,alopez@turkey.com,10031
Hunter,Martinez,hmartinez,hmartinez@turkey.com,10032
Hailey,Scott,hscott,hscott@turkey.com,10033
Gabriel,Adams,gadams,gadams@turkey.com,10034
Liam,Robinson,lrobinson,lrobinson@turkey.com,10035
Ella,Evans,evevans,evevans@turkey.com,10036
Benjamin,Allen,ballen,ballen@turkey.com,10037
Charlotte,Williams,cwilliams,cwilliams@turkey.com,10038
Jackie,Thomas,jthomas,jthomas@turkey.com,10039
Amos,Collins,acollins,acollins@turkey.com,10040
Lola,Garcia,lgarcia,lgarcia@turkey.com,10041
Jaxon,Adams,jadams,jadams@turkey.com,10042
Ella,White,ewhite,ewhite@turkey.com,10043
Mia,Scott,mscott,mscott@turkey.com,10044
Wyatt,Brooks,wbrooks,wbrooks@turkey.com,10045
Layla,Young,lyoung,lyoung@turkey.com,10046
Nathan,King,nking,nking@turkey.com,10047
Carter,Martinez,cmartinez,cmartinez@turkey.com,10048
Ruby,Collins,rcollins,rcollins@turkey.com,10049
Aidan,Roberts,aroberts,aroberts@turkey.com,10050
